{
  "name": "GrA-Genius-UI-Deluxe-Prompt",
  "objective": "Generate zero-hallucination, production-grade Next.js dashboard matching Saudi sovereign AI platform requirements.",
  "stack": [
    "Next.js 14",
    "TypeScript",
    "TailwindCSS",
    "React Query",
    "Chart.js",
    "Framer Motion",
    "RTL"
  ],
  "must_integrate": [
    "/api/healthz",
    "/api/pricing",
    "http://vllm.production.svc.cluster.local:8000/v1/models"
  ],
  "design_tokens": {
    "primary": "#004B91",
    "accent": "#CBA135",
    "surface": "#0F172A"
  },
  "rtl": true,
  "dark_mode": true,
  "pages": [
    "dashboard",
    "ai",
    "billing",
    "security",
    "settings"
  ],
  "kpis": [
    "SLA",
    "p95_api_ms",
    "p95_ai_s",
    "token_usage_million"
  ],
  "guardrails": [
    "no external calls off-cluster at runtime except vLLM service",
    "no client secrets",
    "sanitize outputs"
  ]
}